<?xml version="1.0" encoding="UTF-8"?>
<project-private xmlns="http://www.netbeans.org/ns/project-private/1">
    <editor-bookmarks xmlns="http://www.netbeans.org/ns/editor-bookmarks/2" lastBookmarkId="0"/>
    <open-files xmlns="http://www.netbeans.org/ns/projectui-open-files/2">
        <group>
            <file>file:/C:/Users/e/OneDrive/Documents/a%20update%20-%20Copy/SwimmingSchoomManagement/SwimmingSchoomManagement/src/swimmingschoommanagement/SwimmingLesson.java</file>
            <file>file:/C:/Users/e/OneDrive/Documents/a%20update%20-%20Copy/SwimmingSchoomManagement/SwimmingSchoomManagement/src/swimmingschoommanagement/ReviewManagement.java</file>
            <file>file:/C:/Users/e/OneDrive/Documents/a%20update%20-%20Copy/SwimmingSchoomManagement/SwimmingSchoomManagement/src/swimmingschoommanagement/SwimmingSchoolSystem.java</file>
            <file>file:/C:/Users/e/OneDrive/Documents/a%20update%20-%20Copy/SwimmingSchoomManagement/SwimmingSchoomManagement/test/swimmingschoommanagement/SwimmingTimeTableTest.java</file>
            <file>file:/C:/Users/e/OneDrive/Documents/a%20update%20-%20Copy/SwimmingSchoomManagement/SwimmingSchoomManagement/src/swimmingschoommanagement/ReportGenerator.java</file>
            <file>file:/C:/Users/e/OneDrive/Documents/a%20update%20-%20Copy/SwimmingSchoomManagement/SwimmingSchoomManagement/src/swimmingschoommanagement/SwimmingTimeTable.java</file>
            <file>file:/C:/Users/e/OneDrive/Documents/a%20update%20-%20Copy/SwimmingSchoomManagement/SwimmingSchoomManagement/test/swimmingschoommanagement/ReservationManagementTest.java</file>
            <file>file:/C:/Users/e/OneDrive/Documents/a%20update%20-%20Copy/SwimmingSchoomManagement/SwimmingSchoomManagement/src/swimmingschoommanagement/Instructor.java</file>
            <file>file:/C:/Users/e/OneDrive/Documents/a%20update%20-%20Copy/SwimmingSchoomManagement/SwimmingSchoomManagement/src/swimmingschoommanagement/Swimmer.java</file>
            <file>file:/C:/Users/e/OneDrive/Documents/a%20update%20-%20Copy/SwimmingSchoomManagement/SwimmingSchoomManagement/src/swimmingschoommanagement/ReservationManagement.java</file>
        </group>
    </open-files>
</project-private>
